Project ID,Customer Name,Customer Email,Customer Phone,Date,PO,Address,City,Subdivision,Lot Number,Square Footage,Job Cost Type,Work Type,Notes,Created At,Updated At
904ed907-5d18-49b8-b38e-7930bf5251b2,otm,ctcorcoran03@gmail.com,4359947796,2025-03-26,23,729 e 100 s,Hyde Park,Savage,1234,123412,dumptruck_rental,slab_on,N/A,2025-04-01 05:19:49,2025-04-01 05:19:49
0177fe2a-f283-4a11-9d37-36d3f2027b2e,Chris,ctcorcoran03@gmail.com,4359947796,2025-04-02,23,729 e 100 s,Hyde Park,asdf,23,1234,standard,dry_blanket,N/A,2025-04-01 21:26:35,2025-04-01 21:26:35
9a1dbfbc-39fa-4227-b4ce-568fb8491dca,tom,ctcorcoran03@gmail.com,4359947796,2025-04-02,23,729 e 100 s,Hyde Park,Savage,23,1234,conveyer_rental_multiple,plumber_spray,N/A,2025-04-01 21:47:30,2025-04-01 21:47:30
2a91313b-18c5-42b1-840b-9fdeeca94150,tom,ctcorcoran03@gmail.com,4359947796,2025-04-03,23,729 e 100 s,Hyde Park,Savage,23,32342,dumptruck_rental,plumber_spray,N/A,2025-04-01 21:48:46,2025-04-01 21:48:46
377cba61-caae-4493-a7e5-14536decdfa5,Chris,ctcorcoran03@gmail.com,4359947796,2025-03-30,23,729 e 100 s,Hyde Park,Savage,1234,1234,conveyer_rental,plumber_spray,N/A,2025-04-01 22:07:27,2025-04-01 22:07:27
af323e18-1072-4085-9f8a-d523be5f4a54,Chris,ctcorcoran03@gmail.com,4359947796,2025-04-02,23,729 e 100 s,Hyde Park,Savage,23,1234,dumptruck_rental,track_out,N/A,2025-04-01 23:28:28,2025-04-01 23:28:28
42c2fa59-c568-48ea-9e28-9d8b7bff67e0,Chris,ctcorcoran03@gmail.com,4359947796,2025-04-02,1234,729 e 100 s,Hyde Parl,Savage,23,1234,standard,crawl_space,N/A,2025-04-01 23:31:03,2025-04-01 23:31:03
8a58f277-c0b7-4d1c-ab18-864d30a6ffc8,Chris,ctcorcoran03@gmail.com,4359947796,2025-04-02,23,729 e 100 s,Hyde Park,Savage,23,1234,conveyer_rental_multiple,dry_blanket,N/A,2025-04-01 23:34:59,2025-04-01 23:34:59
3ff0f58d-7d20-4c01-a0f4-fcff51e950f5,Chris,ctcorcoran03@gmail.com,4359947796,2025-04-02,23,729 e 100 s,Hyde Park,Savage,23,1234,conveyer_rental,slab_on,N/A,2025-04-01 23:37:43,2025-04-01 23:37:43
c01a7ca2-968a-4b3c-baac-67802de23179,Chris,ctcorcoran03@gmail.com,4359947796,2025-04-02,23,729 e 100 s,Hyde Parl,ur mom,1234,1234,conveyer_rental_multiple,slab_on,N/A,2025-04-01 23:41:20,2025-04-01 23:41:20
0da87544-5e0a-48e5-abc6-b998fe218044,Chris,ctcorcoran03@gmail.com,4359947796,2025-04-02,23,729 e 100 s,Hyde Parl,ur mom,1234,123412,standard,dry_blanket,N/A,2025-04-01 23:44:03,2025-04-01 23:44:03
3518f556-b654-4548-a8d2-7589a51efbd4,Chris,ctcorcoran03@gmail.com,4359947796,2025-04-02,23,729 e 100 s,Hyde Park,Savage,23,1234,conveyer_rental,dry_blanket,N/A,2025-04-01 23:47:00,2025-04-01 23:47:00
41a1a120-64a9-47f8-bac8-65e4c393263c,Chris,ctcorcoran03@gmail.com,4359947796,2025-04-02,23,729 e 100 s,Hyde Park,Savage,1234,1234,standard,track_out,N/A,2025-04-01 23:49:55,2025-04-01 23:49:55
39da7bec-ce21-4ce1-9196-850dba02d4f6,tom,ctcorcoran03@gmail.com,4359947796,2025-04-01,23,729 e 100 s,Hyde Park,ur mom,1234,1234,conveyer_rental,crawl_space,N/A,2025-04-01 23:57:03,2025-04-01 23:57:03
34c0b766-139b-4a76-8313-0cec08f24879,Chris,ctcorcoran03@gmail.com,4359947796,2025-04-02,23,729 e 100 s,Hyde Parl,ur mom,1234,123412,conveyer_rental,crawl_space,N/A,2025-04-02 15:05:13,2025-04-02 15:05:13
c33bcc49-dea8-4375-b271-d40dbd47764c,Chris,ctcorcoran03@gmail.com,4359947796,2025-04-02,23,729 e 100 s,Hyde Park,Savage,1234,123412,conveyer_rental,footings,N/A,2025-04-02 15:08:26,2025-04-02 15:08:26
4e738199-04fe-4c92-bd07-0da6c4dbbf6f,tom,ctcorcoran03@gmail.com,4359947796,2025-03-30,23,729 e 100 s,Hyde Park,Savage,23,1234,conveyer_rental_multiple,slab_on,N/A,2025-04-02 15:19:30,2025-04-02 15:19:30
26bc32b5-97b0-42bd-869e-bdf9f4ff361a,tom,ctcorcoran03@gmail.com,4359947796,2025-03-04,23,729 e 100 s,Hyde Parl,Savage,1234,123412,standard,track_out,N/A,2025-04-03 18:39:37,2025-04-03 18:39:37
eda58ddb-bd5c-4a2f-bf00-fb8cf0334678,tom,ctcorcoran03@gmail.com,4359947796,2025-04-04,23,729 e 100 s,Hyde Parl,Savage,23,123412,conveyer_rental,track_out,N/A,2025-04-03 18:43:30,2025-04-03 18:43:30
e4dd1b4a-c980-4c9f-ac61-f147b1dad989,tom,ctcorcoran03@gmail.com,4359947796,2025-04-04,23,729 e 100 s,Hyde Parl,Savage,1234,1234,dumptruck_rental,heavy_blanket,N/A,2025-04-03 18:46:52,2025-04-03 18:46:52
6fc53786-0f0d-493f-9c2b-8ce07283b0d6,tom,ctcorcoran03@gmail.com,4359947796,2025-03-12,23,729 e 100 s,Hyde Park,Savage,23,1234,conveyer_rental_multiple,crawl_space,N/A,2025-04-03 18:52:55,2025-04-03 18:52:55
46910fce-3ee7-4c20-9709-aac1534ee666,tom,ctcorcoran03@gmail.com,4359947796,2025-03-05,23,729 e 100 s,Hyde Park,Savage,23,123412,standard,dry_blanket,N/A,2025-04-03 19:54:52,2025-04-03 19:54:52
88f0b2a2-27dd-43db-b085-3fc845e31023,tom,ctcorcoran03@gmail.com,4359947796,2025-04-05,23,729 e 100 s,Hyde Park,Savage,23,1234,dumptruck_rental,track_out,N/A,2025-04-05 19:42:38,2025-04-05 19:42:38
70353305-8e80-49d0-a6f2-47fdeb33f392,bahah,ctcorcoran03@gmail.com,4359947796,2025-04-04,23,729 e 100 s,Hyde Park,Savage,1234,123412,conveyer_rental_multiple,dry_blanket,N/A,2025-04-05 19:43:33,2025-04-05 19:43:33
